S_MPa,log_N
80.0,6.831730566676479
85.0,6.933670004922095
90.0,6.4318925005744765
95.0,6.3580955529303305
100.0,6.4166772374527135
105.0,6.648971051238576
110.0,6.49327989233159
115.0,6.491869858037486
120.0,6.248838069452033
